uID,roomNumber,name,licensePlates
589410271,MA-629,wfsg,17D-882.36
707681937,JO-165,ifgs,16P-904.87
576655593,LS-398,rfuj,24E-370.94
246508314,AI-605,jdcv,77F-319.97
602141878,DO-253,kbxu,23P-619.33
831723029,OL-112,ibgi,57A-347.49
515300499,FF-869,hqpj,64F-418.53
908101549,VR-417,ozqx,83R-402.31
168779892,LP-590,etxz,27Q-115.49
475252763,HW-990,ytlk,67D-556.18
435607901,DP-231,emaf,72Z-408.97
692914143,EY-513,rmts,11U-740.90
936524809,BR-300,ixjy,12U-756.41
826012647,JX-649,krco,60B-120.19
553407859,QR-810,xlwd,30D-834.8
607143729,DX-526,gypj,43O-199.48
120353833,RH-963,qjph,53T-597.87
692691609,WD-867,wmks,39B-117.14
978790192,IK-327,bggd,68H-141.38
439444006,DJ-750,zqeg,49E-741.90
409386403,NX-562,renk,81O-759.28
587587625,ZP-936,gbfj,91P-181.62
278039394,GU-847,ctxe,79A-745.97
936319026,YG-118,egwd,87E-464.55
761379127,GH-455,ubhu,82T-386.10
174441252,PX-593,uzbz,30W-345.69
818707935,QJ-912,ctie,64F-240.51
241274847,ND-706,fmqe,97C-755.8
110743961,IA-375,kwmo,56X-407.56
555589604,HE-524,fear,68F-101.91
403739231,WZ-633,lyzu,75B-626.91
551223019,XG-264,asge,30Q-973.93
552299552,AN-830,ieuf,55B-356.33
788311986,GR-737,wwed,44T-526.46
101430446,BY-979,byuj,92B-932.2
985914909,TE-423,nukr,85L-932.6
852907622,LQ-434,hghe,73U-397.47
514086151,QE-242,kauz,51D-932.62
382028940,VZ-528,wtxm,23B-658.2
936596999,WY-616,wpsa,21O-827.42
886211692,OB-464,ffey,99Y-907.37
356446646,WB-240,duyu,64Q-383.39
478885778,XZ-816,wvak,93B-111.98
958611342,RL-400,dgtq,13C-853.72
981888012,WN-398,czzx,24A-965.98
793234337,QK-137,isfj,64A-929.50
902342886,RT-953,fmjq,11D-760.97
599326538,TW-558,etty,58A-975.93
530134052,HL-789,rgor,70J-700.97
737249113,UA-705,xvnf,69Y-416.52
147909531,WF-399,vsxb,44G-685.31
407568781,YJ-332,mcmt,11V-379.4
984561821,QK-992,cnif,88A-739.24
765665234,SP-728,hfga,28I-505.41
856788251,RZ-705,ipsi,75Y-845.52
753633734,MK-996,xhsh,64P-680.56
562229475,QO-792,yoji,96G-120.35
323041337,PO-430,nbgz,68U-668.10
806438416,JJ-799,jxqo,16Y-139.31
699994074,ZW-677,lodg,64R-718.29
748236132,LW-262,iwph,39P-305.27
885355094,VI-747,ltip,74J-201.57
331620049,ZI-603,djpo,97Z-395.27
901978580,EB-907,zjmd,70W-496.83
374121424,GA-821,vjzh,77Z-456.5
713214886,MU-284,lmrp,65R-608.94
402239433,PN-685,mlpm,82C-131.62
884983268,DI-425,zxej,32L-320.39
754252019,BY-866,unwl,94C-611.89
341248570,DI-975,xbqf,79D-695.3
713321719,XI-151,cbnn,73I-968.64
740185320,KR-110,ddlh,68D-974.24
632445049,QI-315,sads,93Y-619.99
847642367,UF-539,mbin,54Y-149.97
674564786,CW-931,hlul,58C-102.24
104266142,FS-821,zotp,51N-898.57
712268081,BO-518,kpvs,82N-685.90
622899856,BJ-595,ckwk,21Z-320.31
422182354,UU-342,wxvd,55L-827.10
740309166,AN-144,rfsh,62E-700.99
518773430,DQ-370,vceh,37Q-368.71
710114693,LG-381,jcgh,28B-885.10
214123706,KN-849,rjfv,83S-123.99
116824117,NJ-742,iogy,58Z-172.31
166864564,QN-912,klfn,74I-986.52
320397283,MW-616,kgyq,99U-920.46
311260607,YJ-736,eyrf,14I-591.69
289759149,VR-749,uymx,53O-844.9
192059686,ZJ-687,vfcg,71U-179.99
936569326,NR-381,ltbc,18N-353.27
691761417,FQ-407,oqws,50M-358.6
628397008,CD-250,cfqj,51S-137.43
433108630,MY-497,wdsu,40D-675.5
905836861,PI-336,bvhs,52M-425.20
593626329,HK-789,dowg,98X-118.74
590192772,OQ-497,altt,44Y-952.55
742735522,FA-494,htck,31V-422.65
187875698,DM-316,qchl,55O-925.85
131235971,FE-513,bood,47E-758.93
141894297,SN-260,kwlq,24C-262.53
242721429,IF-577,tnyh,76V-514.80
268610734,BQ-962,ldbt,46H-948.39
185770423,UY-316,mnvy,96R-107.87
844697965,OL-421,wnjf,73W-343.94
432607057,ZR-607,zwhp,20M-781.56
471942903,BG-230,warz,77W-915.16
426483726,OF-861,znis,16M-976.43
869726707,DH-902,zjvh,95S-802.61
207487668,YE-459,vmbg,20U-586.31
501775771,YT-990,djxe,40Y-917.80
580073516,GP-506,jigv,88N-325.26
786777898,SQ-727,waap,83N-648.19
639688194,NB-486,uxsn,37W-778.0
224915705,SQ-307,orfz,26J-325.36
728763896,HK-481,vgxc,58C-510.18
274073403,HV-459,kdrx,29N-953.0
831548130,MN-769,cfxz,79R-948.72
861768157,JD-621,xatc,81M-922.98
384223988,HF-840,iqrd,52Y-766.10
329654667,RD-700,sgwl,88B-465.57
952112504,LO-519,myjl,75R-544.18
186224124,RV-691,eavo,66Q-503.49
754072879,NC-935,qnnh,44X-867.14
626100727,OY-620,ielt,43X-810.49
629215957,FD-118,mbkc,42Y-696.51
148729587,YH-267,jaaw,83Y-792.56
190476318,BQ-965,iaiw,22M-324.35
839406956,OG-425,szah,88X-140.98
880264094,RA-199,jnyo,66L-895.5
527252609,AP-860,ouyo,12K-432.84
486218984,GB-647,kzzr,61P-757.52
700147938,MP-568,ervi,18M-872.73
229957189,GZ-176,plcr,41I-872.40
579710681,NY-965,hjwz,73O-494.65
762639922,YD-625,ebjd,95D-203.73
160457671,KW-496,mgrn,10M-477.49
681267971,BK-211,cyik,24M-949.40
318394054,LP-155,zktj,38C-447.55
975948244,UA-565,mjwp,61J-508.89
543895573,ZA-498,ukur,75S-856.89
577176355,YV-293,wzbz,81O-380.52
952017126,CW-314,woyc,14Z-362.58
253689434,GQ-865,imey,92L-342.0
746927031,AR-585,augn,29A-767.9
314980848,EZ-437,fjti,33R-459.7
744254536,TN-418,soyg,58Y-769.39
361511824,KN-187,rwca,88V-407.53
990532154,YM-242,uyyk,15Z-541.55
652447341,AE-781,wzwe,37S-234.86
418964277,IG-293,jbfk,99D-646.87
891886915,RZ-947,uudv,65O-569.40
978366800,RI-678,uotb,18X-646.73
275622576,RA-535,ikvt,78S-571.62
201774324,VD-182,vpas,38F-270.89
161065626,LQ-110,xsuq,61N-171.8
503934840,VQ-526,poej,27X-842.86
381830870,GH-929,bfci,32H-834.96
225306018,QO-334,cyaf,76S-389.41
698306769,CM-945,dype,94P-183.40
263391158,SN-923,dnny,84Y-380.60
168189362,JQ-963,cdec,74N-314.5
241030655,AF-724,coei,44Q-863.69
212293055,NJ-471,vbdd,41C-430.38
272879483,RW-213,fxih,81Y-601.90
205918277,QJ-533,msvw,37V-365.81
874602977,HU-545,nwpt,39R-126.95
923653621,WJ-413,djtl,21K-454.75
159719991,XC-725,cpea,70C-468.63
123788798,RF-736,bxbh,17A-504.89
133488179,WW-374,mdzo,64F-413.8
459640955,YF-197,efwl,64K-852.59
795296022,OA-185,zigb,59Z-806.41
720243210,NS-450,abny,21U-612.6
525796489,QP-626,qloj,71F-311.80
717264263,KX-839,ggiw,19E-156.63
164150183,WT-694,jduc,49G-575.29
473037874,BC-164,ywjn,53A-687.50
377462448,JC-539,kdcb,98A-276.88
114559977,UB-374,rwov,93F-281.59
418584568,RQ-474,rfhr,88Q-941.60
617701010,HW-616,pvzk,44Q-416.43
641253054,AV-907,omyq,81S-869.80
266184016,RI-935,rbdj,11X-319.24
550970458,MX-438,kifo,40S-493.60
721664213,YG-794,clvb,47K-792.64
575562139,GG-283,sxif,24P-463.49
239139618,GY-918,awrn,73R-702.55
227007887,BQ-854,vssz,83I-949.36
389617010,TA-484,xfat,96B-143.40
833545722,KY-502,nabh,38G-969.51
567208047,YL-120,nfym,11N-207.48
562335427,UR-738,yycx,19H-416.41
897451442,WH-436,heol,59O-320.24
743875777,ER-674,onvo,10M-429.26
728528637,FG-600,gbkh,19T-634.85
992176033,CG-940,hpnk,40X-730.64
567103968,NB-770,hdsn,52Q-982.13
183237550,VG-370,yafq,37D-829.70
819778596,SC-590,bfsy,38Q-724.95
279114603,HL-867,rnkt,34B-555.93
462668996,EO-280,pupa,41F-453.50
937668307,OD-697,smod,54R-984.6
892531578,DP-840,giat,31Z-448.15
627638485,EK-566,bmpy,74N-762.8
609349612,YY-216,tgks,96P-868.68
924932793,OV-417,wrcb,31R-138.6
952628398,CV-399,ruye,54M-841.22
325731754,AZ-926,fpwv,79J-965.47
111127336,CE-819,wncn,95F-992.17
603353495,JH-977,cicl,92X-134.13
461771778,KO-406,lfkc,57K-706.78
813599752,HM-536,ldyl,31M-241.95
270474559,GT-209,imuu,92A-531.37
723861686,RL-681,nbqb,34L-307.14
822061091,OX-785,nmif,13V-553.30
987510448,FG-410,jdll,78X-702.52
293998938,NZ-427,vskb,33U-212.10
191507331,OS-274,pfrw,26P-842.14
768811909,MN-760,beve,51A-727.37
182773787,VM-464,iief,28R-856.26
101601564,WB-612,vtfo,55X-764.53
490264227,FH-683,ipiz,78N-650.57
444759279,MZ-809,wjru,21R-455.40
744041355,ES-642,kpug,75E-811.99
443545823,LU-763,dnog,38Y-353.5
590688666,NA-539,xsiq,57Q-119.54
679622164,QT-641,hxzt,50D-984.69
283392880,QG-562,qmqp,18C-879.19
669776495,WQ-992,owko,13Y-829.40
903838638,GA-245,afku,11D-178.53
453010755,XC-302,ldes,75P-648.90
747086781,LD-918,yplz,78C-323.73
388894140,WQ-907,ifbq,90I-726.78
666831932,WD-546,zvko,43W-835.17
975787133,UT-979,wdgw,13D-313.81
360386935,FO-918,kdaf,14Q-289.73
300381727,XV-970,ksbn,74K-672.30
645520246,GD-797,vmrf,43L-529.47
385243530,HO-835,efon,82U-765.62
396538268,RQ-961,xnup,27Z-597.32
282996620,DX-140,wftm,43Y-950.30
617978457,JS-643,npnh,53B-359.7
512841717,HI-979,udhr,38O-560.42
420748307,BE-195,qddd,57C-713.56
374682665,JY-795,ktgk,66Y-674.8
558856160,KQ-124,mdca,43V-119.4
749760409,PV-954,akah,97F-229.28
892942838,YO-876,pysx,45R-873.10
984923265,FD-731,wwdo,84N-813.46
179111101,HI-868,olew,41J-120.57
105126986,SD-625,mksm,61H-644.47
774098178,MZ-338,vjak,38K-197.21
439147916,TM-851,brne,96D-726.79
188241663,NJ-741,uvfq,41Y-215.32
624563583,AZ-144,eoxt,28V-530.28
570113324,SC-860,ehey,86Y-351.42
766621104,BK-480,ohtl,50W-355.75
736858649,SJ-143,ueli,85O-100.63
612556195,ON-778,dkfw,32E-751.5
864469961,WH-759,itfw,73J-800.50
708183695,OB-731,mkoh,55A-421.62
366283713,SX-978,zajz,26R-438.32
781159965,FT-118,oqbt,95L-529.68
236338725,RR-393,leba,56F-505.18
638283539,UJ-148,pexu,17Q-180.35
838834914,ZH-845,mzdv,15X-743.44
829682053,QW-386,ayvg,19P-449.48
434325330,UK-748,ihla,93F-216.12
966923294,QO-631,iede,45U-382.8
547557261,VS-213,xhip,34Q-791.60
945237912,QI-348,jzct,44L-987.43
977709877,LG-529,vkpu,41K-408.61
211469967,FW-663,bmug,19F-191.45
907378731,PS-789,jxsn,59C-594.23
102455500,SW-420,oflr,67Q-631.73
886818582,KJ-330,zndp,92W-715.57
405712003,ZK-772,fcab,14A-208.40
511020177,PO-410,xtfx,87O-303.34
732105761,QE-277,escv,96X-320.87
502076357,TE-462,krpu,28C-397.28
444116232,HW-377,xqmf,62W-351.77
792459980,XD-802,bjfm,66J-465.37
923066802,KF-998,dtos,75J-280.95
437324912,IE-758,mfyv,26Z-316.32
442928291,NQ-225,gwoa,53Y-245.28
978351933,QV-718,oupu,56M-413.46
519783114,II-175,wqoq,33C-476.49
627150058,ML-520,ohdx,86B-545.38
136576631,CC-130,ztob,60K-765.43
123517659,DA-463,izoz,14G-620.74
678259624,NC-883,pdks,65E-660.45
270248196,CK-717,zgmg,18T-379.17
217781692,NL-321,cozi,74Y-887.74
620482348,CJ-156,uexo,90M-466.15
547635267,VR-943,hemv,96B-440.88
941271079,UA-535,mgtl,39U-280.24
272837914,TP-728,rgtm,76P-195.92
844995434,GG-729,ewbu,91Y-890.25
651508413,KE-640,redj,12R-736.70
442123965,BJ-688,duow,35M-827.93
759728216,ZV-946,vymy,59N-297.35
649575353,SM-190,jazx,81H-641.53
353441465,PI-669,upvw,27M-765.4
690351703,GF-780,jnic,59K-905.14
826046225,JE-153,lpyk,34I-192.49
745340235,HB-882,oqdd,75R-114.72
304450205,XO-202,vgll,66Q-911.81
497033170,CV-273,huih,42T-987.32
766143814,HS-784,lyhi,60F-453.65
518733931,TQ-170,nmzh,44R-598.64
886787669,AR-389,eqdn,16V-222.81
569513870,SX-264,lpqo,16B-265.27
972487186,PF-757,aqlr,93R-457.65
314229712,EG-868,xjgh,96O-296.99
887961044,BT-687,gbgs,70I-695.6
185342375,ON-505,xlwj,88R-666.10
444896438,YA-130,niup,36A-826.84
876691401,UN-386,tlqm,75Q-160.67
161674324,ZR-201,xcni,52S-783.65
822935929,BS-938,jfbz,29Y-224.5
383160170,TW-915,jkik,50L-725.0
487794080,KI-505,jgjj,55I-200.18
358267775,MA-749,ejue,95X-196.82
401785931,OX-883,yhdv,55L-538.48
403457509,FB-696,ymlp,82X-370.67
449755156,UI-760,clkn,62A-210.37
536229933,ZT-457,mzrt,21Q-222.61
380424215,FI-455,empz,48J-874.65
387087096,KW-719,pjgf,19T-180.27
566597834,MD-783,xrfa,71Y-860.35
498485978,HY-466,pgws,92J-938.65
183905926,GW-903,wixl,60B-968.77
791193246,FE-591,aykv,40S-652.68
748268011,PR-493,lxfr,41M-215.80
932420933,DO-407,btlx,88T-246.59
184225225,SB-472,bevs,77K-365.76
425496448,AW-263,eple,65B-683.64
416147306,YM-996,atdy,39R-517.32
570974477,SV-801,simr,26H-598.66
236865283,LP-782,qlze,64M-157.29
726476566,ED-938,anru,40B-197.58
319853135,LQ-617,erkv,47J-484.29
633648520,PW-479,puhk,29X-447.84
584593645,IX-996,mdql,79E-365.59
741023275,UO-743,ljto,31K-338.29
484689279,QG-960,etde,31E-587.72
650897164,KJ-375,jqmw,22I-580.16
275649933,UM-791,azcv,52V-611.49
965260265,RL-253,mdmm,74Y-759.98
996707900,BD-825,bqtb,65H-136.63
123123050,GQ-131,ubmk,24J-584.67
907632382,YO-120,zfqx,68D-940.20
871065508,BT-861,haky,20S-776.22
598066678,RF-712,gyct,77C-145.38
216382606,AV-547,zgqy,88O-298.49
200675367,YV-649,fukt,50Y-532.38
392751759,LR-716,luvl,33Z-322.26
209212672,VK-196,kvum,12P-705.56
850906735,LF-576,oizb,27D-384.49
523919753,SW-689,khhn,46Z-162.96
839437562,XZ-115,faly,91Q-264.26
516396624,PD-203,kyhw,70S-540.87
295672465,JS-301,kqyt,43K-698.15
947813488,FX-635,riqv,77E-745.16
544830582,KC-201,esjh,51O-720.81
363119660,RI-820,mqqi,97H-966.46
642515061,JB-311,uixe,68W-473.99
971439745,PC-488,hnzg,63I-240.37
465461633,IV-118,ofwo,66J-540.43
962336608,EU-829,vsax,47B-334.37
596648635,TH-461,pwee,94K-799.18
178855181,DD-932,fbnu,26M-135.14
190848676,ZF-933,xwms,46N-187.40
802587876,OW-990,cdrh,37D-983.33
586967722,CH-365,efix,29F-827.71
811330933,EU-361,uvoh,12Y-381.7
534637288,CS-678,xmvi,82A-376.47
455704649,HR-949,lkub,43W-365.74
369130609,FQ-101,niqa,87U-758.78
703424346,SK-402,gddv,21Q-322.85
934454480,ON-115,cmrk,18Y-526.94
206329665,QY-829,oaue,88X-989.99
767179731,RC-457,mjbb,76Y-357.73
319969411,HS-989,gvzk,96G-666.12
800030180,DP-218,xozk,78U-159.66
614218544,SO-296,zfmw,63L-934.87
275332881,DO-618,trfk,36R-661.16
248358901,ZW-754,liaf,76V-653.50
914081300,BX-114,ohaj,88H-112.34
589134283,HG-255,tjso,44D-483.52
220583048,WC-744,vjvj,34V-306.66
945901829,WZ-682,wtfd,39X-762.50
808520238,MF-436,gckb,35Z-405.83
405120258,NX-483,diuh,68Z-121.26
968873618,KR-785,swna,57A-443.66
715574494,KC-661,ndwj,46J-622.56
709740671,WT-424,jjgl,26N-612.70
706034510,BK-914,pepb,37V-259.4
542869698,RL-673,nirb,46H-683.92
885143760,WW-481,stks,43R-653.92
771050256,LY-922,vvjf,53S-494.73
557451094,PY-744,dkdx,78W-421.84
607724860,RD-492,umrf,37P-924.14
594426557,VQ-638,kigg,48V-716.71
787761117,MG-429,kxog,61B-433.79
181381578,TS-527,pkap,30S-155.58
172746896,RA-191,xkqx,77R-513.20
953359221,SQ-553,unmp,51S-695.82
821015181,DZ-288,jmsp,89E-327.55
869742798,TV-880,ndli,30S-309.7
951494992,FO-560,boyq,62F-582.57
119586186,YL-980,klus,12H-782.98
640113309,HJ-838,wsgc,88Z-992.67
810094145,JU-727,wdyy,39M-629.39
820594493,MV-671,llrd,80P-122.24
958436885,TA-941,rbqb,25Y-100.65
829933086,MI-777,yfgs,79E-414.73
372890879,WH-194,fcqa,14X-426.32
418434215,YF-576,uits,44F-639.93
390445598,PH-523,yvfk,51W-424.13
999961884,IE-870,bebi,77W-619.66
703347097,VE-195,chgr,22J-961.30
928915963,KT-438,ibuz,90R-935.78
301978679,IS-105,bokc,66R-144.41
474538067,NM-953,ezlk,86Q-385.0
632975186,JN-329,pwxc,83I-997.36
402553432,RL-577,ykaa,10H-479.29
393068801,ST-586,huks,62P-523.32
840084637,ZT-204,qpez,44J-376.52
575965546,JW-907,bxhc,62E-377.53
777473084,XO-737,zxlc,69E-106.81
563216379,OF-237,vyto,14N-398.40
374436031,WK-892,krkn,14U-422.74
103793798,EN-343,girt,87J-364.30
976247311,TG-895,ydpd,50L-492.21
590702931,LD-698,sxpc,51F-478.1
885800046,HF-527,zlhj,55N-208.85
297789807,EI-660,jqrs,32D-303.58
870994942,WP-356,cffp,47J-675.11
843871750,MT-674,feqq,63P-584.24
844463794,VP-428,bwgt,71D-223.46
963875556,MT-501,qjml,67B-952.61
128812228,YO-136,ufhn,17I-638.34
373866165,GZ-820,subq,43V-181.7
399043103,LQ-839,qdwj,61S-711.79
956277025,RQ-144,anru,88L-536.46
672352319,VG-585,slrd,11V-345.93
277475971,VK-527,dhok,51Y-859.20
430892158,PO-920,qjhx,78B-884.66
597737077,KE-845,bqdx,42Q-159.47
116249388,IT-445,frov,58O-139.30
286027574,ZT-721,savp,11D-405.25
315230776,KQ-710,icxq,39R-634.96
902604902,QX-853,yxee,21V-150.19
469087570,WB-114,ukpg,95C-287.3
731663878,WH-382,ffou,27F-521.64
225613655,VC-541,ioai,68L-710.88
406149618,TV-692,zsmv,91F-365.37
422744269,KY-697,kxbh,94U-995.79
365894627,WK-854,ufuv,92I-731.76
839557192,EG-685,aspc,52Z-898.64
578543311,UD-981,bpsi,67J-419.45
386190793,AM-154,skky,60M-666.89
256958687,DL-369,hcnq,33L-542.85
377455521,KH-314,rqyn,89R-254.98
955181856,JP-858,okxi,97W-276.96
259212374,PT-709,tbcs,35J-927.95
572324070,ID-363,wobq,26F-387.21
734359531,LZ-981,gaow,69H-749.16
546359234,NR-239,epes,32O-769.59
683013323,OW-760,fxrp,69J-900.23
460562837,LG-189,czjg,90L-924.6
644758447,CM-538,sbvf,39R-371.71
398783558,GN-809,iime,49R-881.9
449302636,IJ-250,uuhe,19X-943.2
482871646,WA-601,vjko,50I-220.76
354194962,IO-744,vgbe,79O-427.65
769021016,MT-470,qlum,58T-352.82
497208331,NR-100,udfe,34I-134.75
808670561,DF-651,glzx,24A-983.70
858361996,CE-785,vpdh,54Q-508.53
734676480,BM-200,jycs,99J-847.19
178248375,VG-218,pyvl,50N-527.15
181996386,EF-335,kaee,15S-390.49
810269475,WM-328,owsw,43T-462.91
412967028,MX-877,rquc,60S-750.68
523589933,WF-564,ufbj,74B-647.9
785817854,BA-158,juau,36S-754.91
989137016,XI-656,xdwn,24L-813.64
578317560,NP-134,lkcr,18Z-226.84
504956969,EO-990,iwpl,99V-261.54
879935056,WI-489,uelx,59L-990.8
870859079,BG-337,lphr,48M-301.62
370704928,CS-363,tkvq,92N-798.76
940801137,QV-640,jhal,90B-682.12
464785210,CU-532,uebg,36S-824.38
739205803,GQ-529,egib,33T-868.31
164700333,EM-565,mazl,14V-799.60
662728686,LR-379,atsx,54T-160.83
428262456,BY-535,ream,36W-191.68